dashboard_recommendation_rank,model_score_rank,campaign_id,campaign_name,campaign_family,campaign_type,risk_level,recommended_rollout_decision,campaign_score,eligible_customers,scale_customers,test_customers,blocked_customers,eligible_rate,scale_rate,test_rate,block_rate,avg_predicted_response_rate,expected_incremental_spend,expected_campaign_cost,expected_campaign_profit,expected_campaign_roi,campaign_horizon_months,cost_per_customer,expected_lift_pct,response_rate_assumption,business_goal,offer_description,target_segments,excluded_segments,primary_success_metric,guardrail_notes,risk_sensitivity,customer_count,target_segment_customers,do_not_launch_customers
1,1,CMP065,High-Utilization Balance Health,Balance Health,Protective Engagement,Protective,Scale,56.4773321237319,4629,3233,1396,196,0.4629,0.3233,0.1396,0.0196,0.1253345592190538,34562.607058177106,595.2581901652499,2808.7627772822657,4.718562169640243,6,2.28,0.0208,0.0963,Reduce credit stress while maintaining customer engagement.,Send balance health messaging and payment reminders.,High-Utilization Revolver; Core Customer,,Utilization reduction and repayment stability,This is not a spend-growth campaign. It is a protective engagement campaign.,Protective,10000,4744,5175
2,2,CMP067,Payment Due Reminder Test,Balance Health,Protective Engagement,Protective,Scale,55.62220345292698,4629,2664,1965,196,0.4629,0.2664,0.1965,0.0196,0.12116975558976022,11994.80843507949,608.2904091088126,2429.6862818733116,3.9942866852577366,6,2.41,0.0224,0.0931,Reduce credit stress while maintaining customer engagement.,Test payment reminder messaging for higher utilization customers.,High-Utilization Revolver; Core Customer,,Utilization reduction and repayment stability,This is not a spend-growth campaign. It is a protective engagement campaign.,Protective,10000,4744,5175
3,9,CMP081,Autopay and Paperless Enrollment,Servicing and Enrollment,Servicing Engagement,Low,Scale,30.88058348367324,4621,1812,2809,2009,0.4621,0.1812,0.2809,0.2009,0.1544191015472841,18779.95041467235,584.4143772967502,1139.077243437043,1.949091753536121,6,1.82,0.0312,0.1177,"Improve repayment stability, digital servicing, and lower friction.",Offer a small reward for enrolling in autopay or paperless statements.,Core Customer; High-Utilization Revolver; Dormant but Recoverable; Underused Low-Risk Customer,,Enrollment and servicing adoption,Useful for risk prevention and servicing. Not primarily a spend-growth campaign.,Low,10000,5632,3370
4,10,CMP082,Paperless Statement Campaign,Servicing and Enrollment,Servicing Engagement,Low,Scale,29.724757876667333,4621,1721,2900,2009,0.4621,0.1721,0.29,0.2009,0.14431691733391042,18226.407663413134,564.1876498500002,1053.71048956199,1.8676596161616417,6,1.88,0.0324,0.11,"Improve repayment stability, digital servicing, and lower friction.",Encourage paperless statement enrollment.,Core Customer; High-Utilization Revolver; Dormant but Recoverable; Underused Low-Risk Customer,,Enrollment and servicing adoption,Useful for risk prevention and servicing. Not primarily a spend-growth campaign.,Low,10000,5632,3370
5,17,CMP025,Retail Partner Cashback,Merchant Offers,Merchant-Funded Offer,Low,Test,18.423440400199283,6992,935,5795,2038,0.6992,0.0935,0.5795,0.2038,0.14143641661899312,117815.28352906651,1082.871150375,94.25384738200694,0.08704068563408184,3,3.65,0.052,0.107,Drive spend at selected merchants through targeted card-linked offers.,Earn cashback at selected retail partners.,Core Customer; Loyal High-Value Customer; Underused Low-Risk Customer; Premium Growth Candidate,Risk Watch,Offer activation and merchant spend,"Low credit-risk impact, but still exclude very high risk customers.",Low,10000,8480,1232
6,18,CMP051,Planned Purchase Financing,Balance and Revolver,Balance Transfer / Revolver,High,Constrain,18.1214043686927,2442,2181,192,6862,0.2442,0.2181,0.0192,0.6862,0.05477171683046684,340734.95482997375,1801.646612775,5230.156749546354,2.9029870300094895,6,13.47,0.1344,0.0414,Grow balance-related revenue while controlling repayment risk.,Promotional financing for planned larger purchases.,Core Customer; Loyal High-Value Customer; High-Utilization Revolver,Risk Watch,Risk-adjusted balance growth,"Strict default probability, late payment, utilization, and profitability guardrails required.",High,10000,8143,765
7,19,CMP050,Low APR Purchase Promo,Balance and Revolver,Balance Transfer / Revolver,High,Constrain,17.662129482715372,2442,2174,202,6862,0.2442,0.2174,0.0202,0.6862,0.052919533169533184,317454.92686022405,1695.49104,4855.878552224865,2.8639954076223635,6,13.12,0.1296,0.04,Grow balance-related revenue while controlling repayment risk.,Promotional APR on purchases for a defined period.,Core Customer; Loyal High-Value Customer; High-Utilization Revolver,Risk Watch,Risk-adjusted balance growth,"Strict default probability, late payment, utilization, and profitability guardrails required.",High,10000,8143,762
8,20,CMP031,Electronics Partner Offer,Merchant Offers,Merchant-Funded Offer,Low,Test,17.566848954297427,6992,940,5644,2038,0.6992,0.094,0.5644,0.2038,0.14143641661899312,126877.99764668701,1260.877366875,6.795707632545989,0.005389665808173474,3,4.25,0.056,0.107,Drive spend at selected merchants through targeted card-linked offers.,Earn cashback at selected electronics retailers.,Core Customer; Loyal High-Value Customer; Underused Low-Risk Customer; Premium Growth Candidate,Risk Watch,Offer activation and merchant spend,"Low credit-risk impact, but still exclude very high risk customers.",Low,10000,8480,1378
9,39,CMP059,Premium Capacity Review,Credit Line Strategy,Credit Line Review,High,Constrain,2.2519702939224153,1056,1006,47,8191,0.1056,0.1006,0.0047,0.8191,0.055207840909090915,89929.22803375065,504.87349680000005,1090.7395083561687,2.1604214031227964,6,8.66,0.1232,0.0414,Increase card usage capacity for strong customers while managing risk exposure.,Review premium customers for additional card capacity.,Loyal High-Value Customer; Premium Growth Candidate; Underused Low-Risk Customer,Risk Watch; High-Utilization Revolver,Spend lift without risk deterioration,"Require strong credit profile, stable utilization, low default probability, and no recent late payments.",Very High,10000,4267,756
10,42,CMP058,Low Utilization Capacity Review,Credit Line Strategy,Credit Line Review,High,Constrain,1.8791149987419473,1056,1001,52,8191,0.1056,0.1001,0.0052,0.8191,0.053340909090909105,83784.99506250062,475.40832,1011.1876475368033,2.1269876966747305,6,8.44,0.1188,0.04,Increase card usage capacity for strong customers while managing risk exposure.,Review low-utilization strong customers for capacity growth.,Loyal High-Value Customer; Premium Growth Candidate; Underused Low-Risk Customer,Risk Watch; High-Utilization Revolver,Spend lift without risk deterioration,"Require strong credit profile, stable utilization, low default probability, and no recent late payments.",Very High,10000,4267,756
11,3,CMP066,Autopay Reminder Campaign,Balance Health,Protective Engagement,Protective,Scale,55.46497474242257,4629,2641,1988,196,0.4629,0.2641,0.1988,0.0196,0.11713510207388206,11181.289127375772,570.9559620375001,2360.9734416488473,4.135123544771356,6,2.34,0.0216,0.09,Reduce credit stress while maintaining customer engagement.,Encourage autopay setup for repayment stability.,High-Utilization Revolver; Core Customer,,Utilization reduction and repayment stability,This is not a spend-growth campaign. It is a protective engagement campaign.,Protective,10000,4744,5175
12,4,CMP068,Budgeting Support Message,Balance Health,Protective Engagement,Protective,Scale,55.38769756996929,4629,2661,1968,196,0.4629,0.2661,0.1968,0.0196,0.1253345592190538,11077.758672492662,644.8630393456874,2481.8364615985815,3.848625692855317,6,2.47,0.02,0.0963,Reduce credit stress while maintaining customer engagement.,Send budgeting and balance management education.,High-Utilization Revolver; Core Customer,,Utilization reduction and repayment stability,This is not a spend-growth campaign. It is a protective engagement campaign.,Protective,10000,4744,5175
13,5,CMP069,Utilization Awareness Message,Balance Health,Protective Engagement,Protective,Scale,54.054610212924146,4629,2576,2053,196,0.4629,0.2576,0.2053,0.0196,0.11713510207388206,10767.167307843334,617.31563416875,2309.723600825951,3.7415601889560484,6,2.53,0.0208,0.09,Reduce credit stress while maintaining customer engagement.,Explain utilization impact and balance management.,High-Utilization Revolver; Core Customer,,Utilization reduction and repayment stability,This is not a spend-growth campaign. It is a protective engagement campaign.,Protective,10000,4744,5175
14,6,CMP070,Minimum Payment Education,Balance Health,Protective Engagement,Protective,Scale,53.29538930760751,4629,2601,2028,196,0.4629,0.2601,0.2028,0.0196,0.12116975558976022,11566.422419540939,653.7228877974376,2379.195195349217,3.6394552489440053,6,2.59,0.0216,0.0931,Reduce credit stress while maintaining customer engagement.,Educate customers on repayment behavior and interest impact.,High-Utilization Revolver; Core Customer,,Utilization reduction and repayment stability,This is not a spend-growth campaign. It is a protective engagement campaign.,Protective,10000,4744,5175
15,7,CMP071,High Balance Digital Nudges,Balance Health,Protective Engagement,Protective,Scale,52.42551745840174,4629,2624,2005,196,0.4629,0.2624,0.2005,0.0196,0.1253345592190538,12407.08971319178,694.467888526125,2447.9290539183276,3.524898838898927,6,2.66,0.0224,0.0963,Reduce credit stress while maintaining customer engagement.,Send digital nudges for balance and payment management.,High-Utilization Revolver; Core Customer,,Utilization reduction and repayment stability,This is not a spend-growth campaign. It is a protective engagement campaign.,Protective,10000,4744,5175
16,8,CMP072,Payment Flexibility Awareness,Balance Health,Protective Engagement,Protective,Scale,50.94218182345716,4629,2527,2102,196,0.4629,0.2527,0.2102,0.0196,0.11713510207388206,10353.0454883109,663.6753063,2258.473760003055,3.402979949026702,6,2.72,0.02,0.09,Reduce credit stress while maintaining customer engagement.,Inform selected customers about payment planning tools.,High-Utilization Revolver; Core Customer,,Utilization reduction and repayment stability,This is not a spend-growth campaign. It is a protective engagement campaign.,Protective,10000,4744,5175
17,11,CMP083,Autopay Setup Campaign,Servicing and Enrollment,Servicing Engagement,Low,Scale,29.358864789078034,4621,1753,2868,2009,0.4621,0.1753,0.2868,0.2009,0.14930241084180915,19554.419319427478,599.20111357425,1081.9936463898543,1.805727028669447,6,1.93,0.0336,0.1138,"Improve repayment stability, digital servicing, and lower friction.",Encourage autopay enrollment.,Core Customer; High-Utilization Revolver; Dormant but Recoverable; Underused Low-Risk Customer,,Enrollment and servicing adoption,Useful for risk prevention and servicing. Not primarily a spend-growth campaign.,Low,10000,5632,3370
18,12,CMP084,Payment Alert Setup,Servicing and Enrollment,Servicing Engagement,Low,Scale,28.534786799041072,4621,1741,2880,2009,0.4621,0.1741,0.288,0.2009,0.1544191015472841,18057.644629492643,635.7914654107501,1080.040766886007,1.6987342951957554,6,1.98,0.03,0.1177,"Improve repayment stability, digital servicing, and lower friction.",Encourage payment reminders and alerts.,Core Customer; High-Utilization Revolver; Dormant but Recoverable; Underused Low-Risk Customer,,Enrollment and servicing adoption,Useful for risk prevention and servicing. Not primarily a spend-growth campaign.,Low,10000,5632,3370
19,13,CMP085,Fraud Alert Enrollment,Servicing and Enrollment,Servicing Engagement,Low,Scale,27.722797035173258,4621,1637,2984,2009,0.4621,0.1637,0.2984,0.2009,0.14431691733391042,17551.355527731168,606.2016237750001,1004.5382086864889,1.6571024710077926,6,2.02,0.0312,0.11,"Improve repayment stability, digital servicing, and lower friction.",Encourage fraud alert and account security enrollment.,Core Customer; High-Utilization Revolver; Dormant but Recoverable; Underused Low-Risk Customer,,Enrollment and servicing adoption,Useful for risk prevention and servicing. Not primarily a spend-growth campaign.,Low,10000,5632,3370
20,14,CMP086,Profile Completion Campaign,Servicing and Enrollment,Servicing Engagement,Low,Scale,27.324682608940293,4621,1667,2954,2009,0.4621,0.1667,0.2954,0.2009,0.14930241084180915,18856.047200876495,645.771148308,1028.0180177382222,1.591923114607638,6,2.08,0.0324,0.1138,"Improve repayment stability, digital servicing, and lower friction.",Encourage customers to complete account profile details.,Core Customer; High-Utilization Revolver; Dormant but Recoverable; Underused Low-Risk Customer,,Enrollment and servicing adoption,Useful for risk prevention and servicing. Not primarily a spend-growth campaign.,Low,10000,5632,3370
21,15,CMP087,Communication Preference Update,Servicing and Enrollment,Servicing Engagement,Low,Scale,27.193464292981773,4621,1709,2912,2009,0.4621,0.1709,0.2912,0.2009,0.1544191015472841,20224.56198503176,680.7464175105001,1058.0639800973654,1.5542703610056756,6,2.12,0.0336,0.1177,"Improve repayment stability, digital servicing, and lower friction.",Encourage customers to update preferred communication channels.,Core Customer; High-Utilization Revolver; Dormant but Recoverable; Underused Low-Risk Customer,,Enrollment and servicing adoption,Useful for risk prevention and servicing. Not primarily a spend-growth campaign.,Low,10000,5632,3370
22,16,CMP088,Account Health Check,Servicing and Enrollment,Servicing Engagement,Low,Scale,25.888709422119756,4621,1574,3047,2009,0.4621,0.1574,0.3047,0.2009,0.14431691733391042,16876.3033920492,651.2165958375,952.3649296734881,1.462439587321473,6,2.17,0.03,0.11,"Improve repayment stability, digital servicing, and lower friction.",Encourage customers to review account health and settings.,Core Customer; High-Utilization Revolver; Dormant but Recoverable; Underused Low-Risk Customer,,Enrollment and servicing adoption,Useful for risk prevention and servicing. Not primarily a spend-growth campaign.,Low,10000,5632,3370
23,21,CMP049,Balance Transfer Offer,Balance and Revolver,Balance Transfer / Revolver,High,Constrain,17.38729013723998,2442,2174,196,6862,0.2442,0.2174,0.0196,0.6862,0.056623900491400495,327096.1505648679,1767.1617207,4983.175392473917,2.8198751331598584,6,12.78,0.1248,0.0428,Grow balance-related revenue while controlling repayment risk.,Promotional balance transfer offer for selected customers.,Core Customer; Loyal High-Value Customer; High-Utilization Revolver,Risk Watch,Risk-adjusted balance growth,"Strict default probability, late payment, utilization, and profitability guardrails required.",High,10000,8143,768
24,22,CMP028,Food Delivery Partner Offer,Merchant Offers,Merchant-Funded Offer,Low,Do Not Launch,16.067272537475937,6992,669,6026,2038,0.6992,0.0669,0.6026,0.2038,0.14143641661899312,101417.59602675002,1171.874258625,-155.51815573109235,-0.1327089101808304,3,3.95,0.05,0.107,Drive spend at selected merchants through targeted card-linked offers.,Earn cashback with selected food delivery partners.,Core Customer; Loyal High-Value Customer; Underused Low-Risk Customer; Premium Growth Candidate,Risk Watch,Offer activation and merchant spend,"Low credit-risk impact, but still exclude very high risk customers.",Low,10000,8480,1267
25,23,CMP032,Back-to-School Merchant Offer,Merchant Offers,Merchant-Funded Offer,Low,Do Not Launch,15.855067384723293,6992,683,5962,2038,0.6992,0.0683,0.5962,0.2038,0.13218356693363847,105872.828476875,1206.1168875,-148.31225256379673,-0.12296673241282075,3,4.35,0.05,0.1,Drive spend at selected merchants through targeted card-linked offers.,Earn rewards at school supply and retail partners.,Core Customer; Loyal High-Value Customer; Underused Low-Risk Customer; Premium Growth Candidate,Risk Watch,Offer activation and merchant spend,"Low credit-risk impact, but still exclude very high risk customers.",Low,10000,8480,1317
26,24,CMP027,Rideshare Partner Offer,Merchant Offers,Merchant-Funded Offer,Low,Do Not Launch,15.570183830465242,6992,606,6152,2038,0.6992,0.0606,0.6152,0.2038,0.1368099917763158,92531.90848330798,1104.8446591875,-187.03020884727795,-0.16928190519092476,3,3.85,0.056,0.1035,Drive spend at selected merchants through targeted card-linked offers.,Earn cashback on rideshare purchases.,Core Customer; Loyal High-Value Customer; Underused Low-Risk Customer; Premium Growth Candidate,Risk Watch,Offer activation and merchant spend,"Low credit-risk impact, but still exclude very high risk customers.",Low,10000,8480,1204
27,25,CMP026,Streaming Subscription Offer,Merchant Offers,Merchant-Funded Offer,Low,Do Not Launch,15.101540686073752,6992,254,6509,2038,0.6992,0.0254,0.6509,0.2038,0.13218356693363847,87772.3325797545,1039.7559375,-166.08434930477125,-0.15973397536358983,3,3.75,0.054,0.1,Drive spend at selected merchants through targeted card-linked offers.,Earn statement credit on streaming subscriptions.,Core Customer; Loyal High-Value Customer; Underused Low-Risk Customer; Premium Growth Candidate,Risk Watch,Offer activation and merchant spend,"Low credit-risk impact, but still exclude very high risk customers.",Low,10000,8480,1199
28,26,CMP055,Balance Consolidation Review,Balance and Revolver,Balance Transfer / Revolver,High,Constrain,14.769751489543545,2442,2134,214,6862,0.2442,0.2134,0.0214,0.6862,0.056623900491400495,352257.39291601157,2057.5404072,5212.053406987294,2.5331475332142355,6,14.88,0.1344,0.0428,Grow balance-related revenue while controlling repayment risk.,Review selected customers for balance consolidation offers.,Core Customer; Loyal High-Value Customer; High-Utilization Revolver,Risk Watch,Risk-adjusted balance growth,"Strict default probability, late payment, utilization, and profitability guardrails required.",High,10000,8143,790
29,27,CMP030,Home Improvement Offer,Merchant Offers,Merchant-Funded Offer,Low,Do Not Launch,14.376352713233887,6992,230,6419,2038,0.6992,0.023,0.6419,0.2038,0.1368099917763158,90844.36422004589,1190.9364508125,-286.6863570304384,-0.2407234717140873,3,4.15,0.054,0.1035,Drive spend at selected merchants through targeted card-linked offers.,Earn cashback at home improvement merchants.,Core Customer; Loyal High-Value Customer; Underused Low-Risk Customer; Premium Growth Candidate,Risk Watch,Offer activation and merchant spend,"Low credit-risk impact, but still exclude very high risk customers.",Low,10000,8480,1313
30,28,CMP054,Installment Plan Invitation,Balance and Revolver,Balance Transfer / Revolver,High,Constrain,14.250685486321977,2442,2115,237,6862,0.2442,0.2115,0.0237,0.6862,0.05477171683046684,328565.84930033184,1943.424297225,4837.243230727735,2.489030953063001,6,14.53,0.1296,0.0414,Grow balance-related revenue while controlling repayment risk.,Invite selected customers to use installment-style repayment options.,Core Customer; Loyal High-Value Customer; High-Utilization Revolver,Risk Watch,Risk-adjusted balance growth,"Strict default probability, late payment, utilization, and profitability guardrails required.",High,10000,8143,786
31,29,CMP029,Fitness Partner Offer,Merchant Offers,Merchant-Funded Offer,Low,Do Not Launch,14.147579635441348,6992,182,6539,2038,0.6992,0.0182,0.6539,0.2038,0.13218356693363847,84521.50544717099,1122.9364125,-281.6230312749649,-0.250791610406493,3,4.05,0.052,0.1,Drive spend at selected merchants through targeted card-linked offers.,Earn rewards with selected fitness or wellness merchants.,Core Customer; Loyal High-Value Customer; Underused Low-Risk Customer; Premium Growth Candidate,Risk Watch,Offer activation and merchant spend,"Low credit-risk impact, but still exclude very high risk customers.",Low,10000,8480,1241
32,30,CMP052,Revolver Value Offer,Balance and Revolver,Balance Transfer / Revolver,High,Constrain,13.385102392305463,2442,2091,254,6862,0.2442,0.2091,0.0254,0.6862,0.056623900491400495,314515.529389296,1912.35106395,4578.357698717227,2.394098962802644,6,13.83,0.12,0.0428,Grow balance-related revenue while controlling repayment risk.,Targeted offer for selected revolvers with acceptable risk.,Core Customer; Loyal High-Value Customer; High-Utilization Revolver,Risk Watch,Risk-adjusted balance growth,"Strict default probability, late payment, utilization, and profitability guardrails required.",High,10000,8143,793
33,31,CMP056,Controlled Revolver Test,Balance and Revolver,Balance Transfer / Revolver,High,Constrain,10.317115880756862,2442,2025,285,6862,0.2442,0.2025,0.0285,0.6862,0.052919533169533184,293939.74709280004,1966.8729900000003,4099.209965763763,2.0841254044389323,6,15.22,0.12,0.04,Grow balance-related revenue while controlling repayment risk.,Small controlled test for selected revolvers with strict guardrails.,Core Customer; Loyal High-Value Customer; High-Utilization Revolver,Risk Watch,Risk-adjusted balance growth,"Strict default probability, late payment, utilization, and profitability guardrails required.",High,10000,8143,828
34,32,CMP033,Mobile App Activation,Digital Engagement,Digital Engagement,Low,Do Not Launch,3.5262823114474156,4350,0,3620,2038,0.435,0.0,0.362,0.2038,0.1690175689655172,25657.528747309054,906.5341820250001,-652.9290911938928,-0.7202476245687628,6,2.74,0.0416,0.1284,"Increase mobile app usage, digital servicing, and offer activation.",Earn a small reward after logging into the mobile app.,Core Customer; Underused Low-Risk Customer; Dormant but Recoverable,Risk Watch,Digital activation,Safe campaign type; avoid customers with major risk guardrail triggers.,Low,10000,5101,4342
35,33,CMP034,Card-Linked Offer Activation,Digital Engagement,Digital Engagement,Low,Do Not Launch,3.387643645742049,4350,0,3817,2038,0.435,0.0,0.3817,0.2038,0.1579603448275862,24901.268015001602,868.87272375,-622.7426931087384,-0.716724873605216,6,2.81,0.0432,0.12,"Increase mobile app usage, digital servicing, and offer activation.",Earn rewards for activating a card-linked offer.,Core Customer; Underused Low-Risk Customer; Dormant but Recoverable,Risk Watch,Digital activation,Safe campaign type; avoid customers with major risk guardrail triggers.,Low,10000,5101,4145
36,34,CMP035,Digital Wallet Enrollment,Digital Engagement,Digital Engagement,Low,Do Not Launch,3.322794051484273,4350,0,3508,2038,0.435,0.0,0.3508,0.2038,0.16348895689655174,26727.361002768383,924.88563973125,-660.7060735096293,-0.7143651551359528,6,2.89,0.0448,0.1242,"Increase mobile app usage, digital servicing, and offer activation.",Earn a bonus for adding the card to a digital wallet.,Core Customer; Underused Low-Risk Customer; Dormant but Recoverable,Risk Watch,Digital activation,Safe campaign type; avoid customers with major risk guardrail triggers.,Low,10000,5101,4454
37,35,CMP036,Spend Alert Enrollment,Digital Engagement,Digital Engagement,Low,Do Not Launch,2.7247929833343267,4350,0,2977,2038,0.435,0.0,0.2977,0.2038,0.1690175689655172,24670.700718566397,979.3215981000001,-735.4705492239352,-0.7510000296642443,6,2.96,0.04,0.1284,"Increase mobile app usage, digital servicing, and offer activation.",Earn a small reward for setting up spend alerts.,Core Customer; Underused Low-Risk Customer; Dormant but Recoverable,Risk Watch,Digital activation,Safe campaign type; avoid customers with major risk guardrail triggers.,Low,10000,5101,4985
38,36,CMP037,Credit Score Tool Engagement,Digital Engagement,Digital Engagement,Low,Do Not Launch,2.699045403345643,4350,0,3319,2038,0.435,0.0,0.3319,0.2038,0.1579603448275862,23978.998829260796,939.9904200000001,-702.9763164195258,-0.7478547668810558,6,3.04,0.0416,0.12,"Increase mobile app usage, digital servicing, and offer activation.",Encourage use of the credit score monitoring tool.,Core Customer; Underused Low-Risk Customer; Dormant but Recoverable,Risk Watch,Digital activation,Safe campaign type; avoid customers with major risk guardrail triggers.,Low,10000,5101,4643
39,37,CMP038,Mobile Payment Challenge,Digital Engagement,Digital Engagement,Low,Do Not Launch,2.54564622324599,4350,0,2883,2038,0.435,0.0,0.2883,0.2038,0.16348895689655174,25772.812395526656,995.2921590187499,-740.5475773050441,-0.7440504484986034,6,3.11,0.0432,0.1242,"Increase mobile app usage, digital servicing, and offer activation.",Use mobile wallet purchases to earn bonus rewards.,Core Customer; Underused Low-Risk Customer; Dormant but Recoverable,Risk Watch,Digital activation,Safe campaign type; avoid customers with major risk guardrail triggers.,Low,10000,5101,5079
40,38,CMP039,Online Account Setup,Digital Engagement,Digital Engagement,Low,Do Not Launch,2.3876927279069857,4350,0,2453,2038,0.435,0.0,0.2453,0.2038,0.1690175689655172,27631.184804794364,1055.4175330875,-782.3043583463074,-0.7412273662516936,6,3.19,0.0448,0.1284,"Increase mobile app usage, digital servicing, and offer activation.",Encourage digital account setup and profile completion.,Core Customer; Underused Low-Risk Customer; Dormant but Recoverable,Risk Watch,Digital activation,Safe campaign type; avoid customers with major risk guardrail triggers.,Low,10000,5101,5509
41,40,CMP001,Grocery Cashback Booster,Everyday Spend,Category Cashback,Low,Do Not Launch,2.052628744960746,6600,9,232,2038,0.66,0.0009,0.0232,0.2038,0.1272013568181818,123613.76870713259,3828.2520347999994,-3287.884234440227,-0.8588473811421867,3,4.56,0.0624,0.0963,Increase everyday card spend in routine categories.,Earn bonus cashback on grocery purchases for 30 days.,Core Customer; Underused Low-Risk Customer; Loyal High-Value Customer,Risk Watch,Incremental category spend,Exclude very high risk customers and customers with recent delinquency.,Low,10000,7696,7721
42,41,CMP040,Security Feature Enrollment,Digital Engagement,Digital Engagement,Low,Do Not Launch,1.8948683753053617,4350,0,2619,2038,0.435,0.0,0.2619,0.2038,0.1579603448275862,23056.72964352,1008.0160424999999,-780.1178659803132,-0.7739141373638538,6,3.26,0.04,0.12,"Increase mobile app usage, digital servicing, and offer activation.",Encourage customers to activate card lock or security alerts.,Core Customer; Underused Low-Risk Customer; Dormant but Recoverable,Risk Watch,Digital activation,Safe campaign type; avoid customers with major risk guardrail triggers.,Low,10000,5101,5343
43,43,CMP057,Credit Line Increase Review,Credit Line Strategy,Credit Line Review,High,Constrain,1.7112299932332675,1056,1001,52,8191,0.1056,0.1001,0.0052,0.8191,0.05707477272727273,86329.57639402841,494.8245816000001,1036.9198560619952,2.0955302032674825,6,8.21,0.1144,0.0428,Increase card usage capacity for strong customers while managing risk exposure.,Invite eligible customers to be reviewed for a potential credit line increase.,Loyal High-Value Customer; Premium Growth Candidate; Underused Low-Risk Customer,Risk Watch; High-Utilization Revolver,Spend lift without risk deterioration,"Require strong credit profile, stable utilization, low default probability, and no recent late payments.",Very High,10000,4267,756
44,44,CMP004,Online Shopping Booster,Everyday Spend,Category Cashback,Low,Do Not Launch,1.66486349961664,6600,4,94,2038,0.66,0.0004,0.0094,0.2038,0.1272013568181818,109501.07511266775,4147.2730377,-3663.445927612771,-0.8833384959974686,3,4.94,0.06,0.0963,Increase everyday card spend in routine categories.,Earn bonus cashback on online shopping purchases for 30 days.,Core Customer; Underused Low-Risk Customer; Loyal High-Value Customer,Risk Watch,Incremental category spend,Exclude very high risk customers and customers with recent delinquency.,Low,10000,7696,7864
45,45,CMP003,Pharmacy Spend Booster,Everyday Spend,Category Cashback,Low,Do Not Launch,1.3559424478733337,6600,0,4,2038,0.66,0.0,0.0004,0.2038,0.12297452045454547,91429.34192543295,3903.9491263500004,-3501.580211520706,-0.8969328488136603,3,4.81,0.0672,0.0931,Increase everyday card spend in routine categories.,Earn bonus cashback on pharmacy purchases for 30 days.,Core Customer; Underused Low-Risk Customer; Loyal High-Value Customer,Risk Watch,Incremental category spend,Exclude very high risk customers and customers with recent delinquency.,Low,10000,7696,7958
46,46,CMP007,Weekend Spend Booster,Everyday Spend,Category Cashback,Low,Do Not Launch,1.324687552423347,6600,0,0,2038,0.66,0.0,0.0,0.2038,0.1272013568181818,94571.91866186027,4457.898751049999,-4041.699755367282,-0.9066378536334664,3,5.31,0.0672,0.0963,Increase everyday card spend in routine categories.,Earn bonus rewards on weekend purchases.,Core Customer; Underused Low-Risk Customer; Loyal High-Value Customer,Risk Watch,Incremental category spend,Exclude very high risk customers and customers with recent delinquency.,Low,10000,7696,7962
47,47,CMP002,Gas Spend Booster,Everyday Spend,Category Cashback,Low,Do Not Launch,1.3215687914025693,6600,6,101,2038,0.66,0.0006,0.0101,0.2038,0.11887977272727272,84110.564477142,3679.804485,-3310.752917275354,-0.8997089195284661,3,4.69,0.0648,0.09,Increase everyday card spend in routine categories.,Earn bonus cashback on gas and fuel purchases for 30 days.,Core Customer; Underused Low-Risk Customer; Loyal High-Value Customer,Risk Watch,Incremental category spend,Exclude very high risk customers and customers with recent delinquency.,Low,10000,7696,7855
48,48,CMP006,Everyday Essentials Booster,Everyday Spend,Category Cashback,Low,Do Not Launch,1.2145734465424045,6600,0,1,2038,0.66,0.0,0.0001,0.2038,0.12297452045454547,88164.0082852389,4212.369223650001,-3824.3706272074674,-0.9078906487436696,3,5.19,0.0648,0.0931,Increase everyday card spend in routine categories.,Earn bonus rewards on daily essentials purchases.,Core Customer; Underused Low-Risk Customer; Loyal High-Value Customer,Risk Watch,Incremental category spend,Exclude very high risk customers and customers with recent delinquency.,Low,10000,7696,7961
49,49,CMP008,Local Merchant Booster,Everyday Spend,Category Cashback,Low,Do Not Launch,0.9821759126812282,6600,0,0,2038,0.66,0.0,0.0,0.2038,0.11887977272727272,78915.1524214455,4268.25936,-3920.963802854875,-0.9186329770866771,3,5.44,0.06,0.09,Increase everyday card spend in routine categories.,Earn cashback at selected local merchants.,Core Customer; Underused Low-Risk Customer; Loyal High-Value Customer,Risk Watch,Incremental category spend,Exclude very high risk customers and customers with recent delinquency.,Low,10000,7696,7962
50,50,CMP005,Utility Bill Pay Booster,Everyday Spend,Category Cashback,Low,Do Not Launch,0.7236954947007899,6600,0,0,2038,0.66,0.0,0.0,0.2038,0.11887977272727272,45595.4213990574,3970.1088899999995,-3769.449234760594,-0.9494573925302574,3,5.06,0.0624,0.09,Increase everyday card spend in routine categories.,Earn bonus rewards for paying utilities with the card.,Core Customer; Underused Low-Risk Customer; Loyal High-Value Customer,Risk Watch,Incremental category spend,Exclude very high risk customers and customers with recent delinquency.,Low,10000,7696,7962
51,51,CMP063,Selective Line Growth Test,Credit Line Strategy,Credit Line Review,High,Constrain,-0.3887545249878279,1056,994,56,8191,0.1056,0.0994,0.0056,0.8191,0.05707477272727273,92970.3130397229,576.1903776,1073.380555266764,1.8628921915317387,6,9.56,0.1232,0.0428,Increase card usage capacity for strong customers while managing risk exposure.,Small test of line increase review among safest customers.,Loyal High-Value Customer; Premium Growth Candidate; Underused Low-Risk Customer,Risk Watch; High-Utilization Revolver,Spend lift without risk deterioration,"Require strong credit profile, stable utilization, low default probability, and no recent late payments.",Very High,10000,4267,759
52,52,CMP062,Low-Risk Spend Capacity Offer,Credit Line Strategy,Credit Line Review,High,Constrain,-0.7968533707412746,1056,988,62,8191,0.1056,0.0988,0.0062,0.8191,0.055207840909090915,86717.46988968813,544.5171432000001,994.1096832005915,1.8256719657317693,6,9.34,0.1188,0.0414,Increase card usage capacity for strong customers while managing risk exposure.,Invite low-risk high-spend customers for capacity review.,Loyal High-Value Customer; Premium Growth Candidate; Underused Low-Risk Customer,Risk Watch; High-Utilization Revolver,Spend lift without risk deterioration,"Require strong credit profile, stable utilization, low default probability, and no recent late payments.",Very High,10000,4267,759
53,53,CMP061,Income-Supported Line Review,Credit Line Strategy,Credit Line Review,High,Constrain,-1.1943398030182593,1056,981,69,8191,0.1056,0.0981,0.0069,0.8191,0.053340909090909105,80681.84709722281,513.1480799999999,918.3887776280328,1.7897149252278854,6,9.11,0.1144,0.04,Increase card usage capacity for strong customers while managing risk exposure.,Review customers with strong income and repayment profile.,Loyal High-Value Customer; Premium Growth Candidate; Underused Low-Risk Customer,Risk Watch; High-Utilization Revolver,Spend lift without risk deterioration,"Require strong credit profile, stable utilization, low default probability, and no recent late payments.",Very High,10000,4267,759
54,54,CMP060,High-Score Line Review,Credit Line Strategy,Credit Line Review,High,Constrain,-1.451831273504343,1056,978,72,8191,0.1056,0.0978,0.0072,0.8191,0.05707477272727273,83009.20807118117,535.8088344,937.0223556596106,1.7487997500244474,6,8.89,0.11,0.0428,Increase card usage capacity for strong customers while managing risk exposure.,Review strong credit score customers for line growth.,Loyal High-Value Customer; Premium Growth Candidate; Underused Low-Risk Customer,Risk Watch; High-Utilization Revolver,Spend lift without risk deterioration,"Require strong credit profile, stable utilization, low default probability, and no recent late payments.",Very High,10000,4267,759
55,55,CMP009,Dining Rewards Accelerator,Dining and Entertainment,Lifestyle Rewards,Low-Medium,Do Not Launch,-2.761900665322832,5887,42,265,3319,0.5887,0.0042,0.0265,0.3319,0.09905738109393576,104359.51100444687,4257.0008582499995,-3274.8921162928027,-0.7692956204004785,3,7.3,0.0832,0.0749,"Increase dining, entertainment, and lifestyle spend.",Earn bonus rewards after meeting a dining spend threshold.,Core Customer; Loyal High-Value Customer; Premium Growth Candidate,Risk Watch,Incremental lifestyle spend,Prioritize positive ROI customers with acceptable utilization.,Medium,10000,8396,6374
56,56,CMP011,Food Delivery Booster,Dining and Entertainment,Lifestyle Rewards,Low-Medium,Do Not Launch,-2.810728578449158,5887,44,271,3319,0.5887,0.0044,0.0271,0.3319,0.09588331280788176,108785.97480693599,4346.38098125,-3322.6155780595354,-0.764455668380908,3,7.7,0.0896,0.0725,"Increase dining, entertainment, and lifestyle spend.",Earn rewards on food delivery purchases.,Core Customer; Loyal High-Value Customer; Premium Growth Candidate,Risk Watch,Incremental lifestyle spend,Prioritize positive ROI customers with acceptable utilization.,Medium,10000,8396,6366
57,57,CMP010,Coffee Shop Rewards,Dining and Entertainment,Lifestyle Rewards,Low-Medium,Do Not Launch,-2.9027833465234227,5887,42,282,3319,0.5887,0.0042,0.0282,0.3319,0.09257699167657552,101283.49378576802,4087.5056250000007,-3134.344732374396,-0.7668111116970989,3,7.5,0.0864,0.07,"Increase dining, entertainment, and lifestyle spend.",Earn cashback at coffee shops and cafes.,Core Customer; Loyal High-Value Customer; Premium Growth Candidate,Risk Watch,Incremental lifestyle spend,Prioritize positive ROI customers with acceptable utilization.,Medium,10000,8396,6357
58,58,CMP015,Family Dining Bonus,Dining and Entertainment,Lifestyle Rewards,Low-Medium,Do Not Launch,-3.0838902686639376,5887,32,180,3319,0.5887,0.0032,0.018,0.3319,0.09905738109393576,112387.16569709661,4956.78182125,-3899.1262529884025,-0.7866245466509402,3,8.5,0.0896,0.0749,"Increase dining, entertainment, and lifestyle spend.",Earn rewards on family dining and casual restaurants.,Core Customer; Loyal High-Value Customer; Premium Growth Candidate,Risk Watch,Incremental lifestyle spend,Prioritize positive ROI customers with acceptable utilization.,Medium,10000,8396,6469
59,59,CMP014,Restaurant Partner Offer,Dining and Entertainment,Lifestyle Rewards,Low-Medium,Do Not Launch,-3.1811171660876916,5887,28,186,3319,0.5887,0.0028,0.0186,0.3319,0.09588331280788176,104900.76142097401,4685.06001875,-3697.857665673481,-0.7892871491238845,3,8.3,0.0864,0.0725,"Increase dining, entertainment, and lifestyle spend.",Earn merchant-funded rewards at selected restaurants.,Core Customer; Loyal High-Value Customer; Premium Growth Candidate,Risk Watch,Incremental lifestyle spend,Prioritize positive ROI customers with acceptable utilization.,Medium,10000,8396,6467
60,60,CMP013,Weekend Dining Challenge,Dining and Entertainment,Lifestyle Rewards,Low-Medium,Do Not Launch,-3.2791023226581606,5887,27,190,3319,0.5887,0.0027,0.019,0.3319,0.09257699167657552,97532.25327518402,4414.506075,-3496.647437656825,-0.7920812381387027,3,8.1,0.0832,0.07,"Increase dining, entertainment, and lifestyle spend.",Spend a set amount on dining over weekends to earn a bonus.,Core Customer; Loyal High-Value Customer; Premium Growth Candidate,Risk Watch,Incremental lifestyle spend,Prioritize positive ROI customers with acceptable utilization.,Medium,10000,8396,6464
61,61,CMP012,Movie and Events Offer,Dining and Entertainment,Lifestyle Rewards,Low-Medium,Do Not Launch,-3.611748282428179,5887,0,19,3319,0.5887,0.0,0.0019,0.3319,0.09905738109393576,86010.7076862541,4606.89133975,-3801.639868227293,-0.8252071924130936,3,7.9,0.08,0.0749,"Increase dining, entertainment, and lifestyle spend.","Earn rewards on movies, events, and entertainment.",Core Customer; Loyal High-Value Customer; Premium Growth Candidate,Risk Watch,Incremental lifestyle spend,Prioritize positive ROI customers with acceptable utilization.,Medium,10000,8396,6662
62,62,CMP064,Relationship-Based Line Review,Credit Line Strategy,Credit Line Review,High,Constrain,-3.9209344907939254,1056,924,121,8191,0.1056,0.0924,0.0121,0.8191,0.053340909090909105,77578.699131945,551.4511200000001,825.0266277192624,1.496101100890433,6,9.79,0.11,0.04,Increase card usage capacity for strong customers while managing risk exposure.,Review long-tenure profitable customers for capacity growth.,Loyal High-Value Customer; Premium Growth Candidate; Underused Low-Risk Customer,Risk Watch; High-Utilization Revolver,Spend lift without risk deterioration,"Require strong credit profile, stable utilization, low default probability, and no recent late payments.",Very High,10000,4267,764
63,63,CMP016,Entertainment Night Out,Dining and Entertainment,Lifestyle Rewards,Low-Medium,Do Not Launch,-3.9862279800801206,5887,0,4,3319,0.5887,0.0,0.0004,0.3319,0.09257699167657552,80383.83895911602,4741.506525000001,-3988.9350562871905,-0.8412800942601655,3,8.7,0.08,0.07,"Increase dining, entertainment, and lifestyle spend.",Earn rewards on entertainment and dining in the same period.,Core Customer; Loyal High-Value Customer; Premium Growth Candidate,Risk Watch,Incremental lifestyle spend,Prioritize positive ROI customers with acceptable utilization.,Medium,10000,8396,6677
64,64,CMP075,High-Value Spend Bonus,Retention and Loyalty,Retention,Low-Medium,Do Not Launch,-6.333977193904467,2969,61,254,3319,0.2969,0.0061,0.0254,0.3319,0.08249270714045134,157908.20020522646,3536.6570379,-1942.0949101402418,-0.5491329493722753,6,14.44,0.0896,0.0621,Retain and deepen relationships with profitable high-value customers.,Offer bonus rewards after reaching a spend threshold.,Loyal High-Value Customer; Premium Growth Candidate,Risk Watch,Retention and spend stability,Prioritize positive risk-adjusted profit and strong engagement.,Medium,10000,4183,6366
65,65,CMP073,Premium Retention Campaign,Retention and Loyalty,Retention,Low-Medium,Do Not Launch,-6.3504963173314675,2969,55,247,3319,0.2969,0.0055,0.0247,0.3319,0.08528231559447623,151587.51310246374,3466.35173955,-1935.616115178831,-0.5584015300853779,6,13.69,0.0832,0.0642,Retain and deepen relationships with profitable high-value customers.,Provide bonus rewards or statement credit for selected high-value customers.,Loyal High-Value Customer; Premium Growth Candidate,Risk Watch,Retention and spend stability,Prioritize positive risk-adjusted profit and strong engagement.,Medium,10000,4183,6379
66,66,CMP074,Anniversary Loyalty Bonus,Retention and Loyalty,Retention,Low-Medium,Do Not Launch,-6.445061623379184,2969,57,263,3319,0.2969,0.0057,0.0263,0.3319,0.07970309868642639,147119.4411849936,3327.1373100000005,-1841.5204207828342,-0.553484947930458,6,14.06,0.0864,0.06,Retain and deepen relationships with profitable high-value customers.,Offer bonus rewards around relationship anniversary.,Loyal High-Value Customer; Premium Growth Candidate,Risk Watch,Retention and spend stability,Prioritize positive risk-adjusted profit and strong engagement.,Medium,10000,4183,6361
67,67,CMP079,Card Upgrade Interest Test,Retention and Loyalty,Retention,Low-Medium,Do Not Launch,-6.795424893008915,2969,44,162,3319,0.2969,0.0044,0.0162,0.3319,0.08528231559447623,163248.0910334225,4036.0589282999995,-2387.574409746433,-0.5915608399583221,6,15.94,0.0896,0.0642,Retain and deepen relationships with profitable high-value customers.,Test interest in premium card upgrade pathways.,Loyal High-Value Customer; Premium Growth Candidate,Risk Watch,Retention and spend stability,Prioritize positive risk-adjusted profit and strong engagement.,Medium,10000,4183,6475
68,68,CMP078,High-Value Merchant Perk,Retention and Loyalty,Retention,Low-Medium,Do Not Launch,-6.91555327195412,2969,41,162,3319,0.2969,0.0041,0.0162,0.3319,0.08249270714045134,152268.62162646838,3810.9683871,-2273.3549067602335,-0.5965294580914036,6,15.56,0.0864,0.0621,Retain and deepen relationships with profitable high-value customers.,Offer selected high-value merchant benefits.,Loyal High-Value Customer; Premium Growth Candidate,Risk Watch,Retention and spend stability,Prioritize positive risk-adjusted profit and strong engagement.,Medium,10000,4183,6478
69,69,CMP076,Premium Experience Benefit,Retention and Loyalty,Retention,Low-Medium,Do Not Launch,-6.9599663113982615,2969,33,146,3319,0.2969,0.0033,0.0146,0.3319,0.08528231559447623,145757.22413698438,3749.93931795,-2278.07814067003,-0.6074973346276439,6,14.81,0.08,0.0642,Retain and deepen relationships with profitable high-value customers.,Offer experience benefits to premium customers.,Loyal High-Value Customer; Premium Growth Candidate,Risk Watch,Retention and spend stability,Prioritize positive risk-adjusted profit and strong engagement.,Medium,10000,4183,6502
70,70,CMP077,Relationship Deepening Offer,Retention and Loyalty,Retention,Low-Medium,Do Not Launch,-7.043281276442268,2969,36,164,3319,0.2969,0.0036,0.0164,0.3319,0.07970309868642639,141670.5729929568,3594.538815,-2163.944773531618,-0.6020090155937342,6,15.19,0.0832,0.06,Retain and deepen relationships with profitable high-value customers.,Encourage multi-category card engagement.,Loyal High-Value Customer; Premium Growth Candidate,Risk Watch,Retention and spend stability,Prioritize positive risk-adjusted profit and strong engagement.,Medium,10000,4183,6481
71,71,CMP080,Loyalty Statement Credit,Retention and Loyalty,Retention,Low-Medium,Do Not Launch,-7.554762975722601,2969,19,85,3319,0.2969,0.0019,0.0085,0.3319,0.07970309868642639,136221.70480091998,3859.573935,-2484.0027412804016,-0.6435950659617048,6,16.31,0.08,0.06,Retain and deepen relationships with profitable high-value customers.,Offer statement credit to selected profitable customers.,Loyal High-Value Customer; Premium Growth Candidate,Risk Watch,Retention and spend stability,Prioritize positive risk-adjusted profit and strong engagement.,Medium,10000,4183,6577
72,72,CMP090,Student Essentials Cashback,New-to-Credit and Student,Early Relationship,Medium,Do Not Launch,-8.83836380571189,2980,0,85,3451,0.298,0.0,0.0085,0.3451,0.10534362416107383,40633.80866404416,1324.7592800000002,-1122.7379479173803,-0.8475033652282701,6,4.22,0.0432,0.08,Build healthy early card behavior and engagement.,Reward small everyday purchases for student-like profiles.,Underused Low-Risk Customer; Core Customer,Risk Watch; High-Utilization Revolver,Healthy engagement and on-time payment behavior,"Focus on education, low-risk engagement, and repayment health.",Medium,10000,4297,6464
73,73,CMP092,Small Spend Starter Challenge,New-to-Credit and Student,Early Relationship,Medium,Do Not Launch,-8.849237126214009,2980,0,27,3451,0.298,0.0,0.0027,0.3451,0.112717677852349,40257.56969493264,1491.3901392000002,-1291.2393750070346,-0.865795837767622,6,4.44,0.04,0.0856,Build healthy early card behavior and engagement.,Encourage low-risk card usage through small purchase goals.,Underused Low-Risk Customer; Core Customer,Risk Watch; High-Utilization Revolver,Healthy engagement and on-time payment behavior,"Focus on education, low-risk engagement, and repayment health.",Medium,10000,4297,6522
74,74,CMP089,First Year Engagement Offer,New-to-Credit and Student,Early Relationship,Medium,Do Not Launch,-9.628827813304966,2980,0,0,3451,0.298,0.0,0.0,0.3451,0.112717677852349,13955.957494243314,1380.5435748000002,-1311.1579765464385,-0.94974037797857,6,4.11,0.0416,0.0856,Build healthy early card behavior and engagement.,Encourage healthy spend habits in the first year.,Underused Low-Risk Customer; Core Customer,Risk Watch; High-Utilization Revolver,Healthy engagement and on-time payment behavior,"Focus on education, low-risk engagement, and repayment health.",Medium,10000,4297,6549
75,75,CMP095,First Autopay Setup,New-to-Credit and Student,Early Relationship,Medium,Do Not Launch,-9.689777004882915,2980,0,0,3451,0.298,0.0,0.0,0.3451,0.112717677852349,15029.492686108186,1605.5956904000002,-1530.8727384346262,-0.9534609164610062,6,4.78,0.0448,0.0856,Build healthy early card behavior and engagement.,Encourage early autopay enrollment.,Underused Low-Risk Customer; Core Customer,Risk Watch; High-Utilization Revolver,Healthy engagement and on-time payment behavior,"Focus on education, low-risk engagement, and repayment health.",Medium,10000,4297,6549
76,76,CMP091,Credit Education Journey,New-to-Credit and Student,Early Relationship,Medium,Do Not Launch,-9.732322510025172,2980,0,0,3451,0.298,0.0,0.0,0.3451,0.1090306510067114,14537.873766469133,1406.8661022000001,-1334.5873589437738,-0.948624291150949,6,4.33,0.0448,0.0828,Build healthy early card behavior and engagement.,Encourage education around credit use and payments.,Underused Low-Risk Customer; Core Customer,Risk Watch; High-Utilization Revolver,Healthy engagement and on-time payment behavior,"Focus on education, low-risk engagement, and repayment health.",Medium,10000,4297,6549
77,77,CMP094,Digital Wallet Starter,New-to-Credit and Student,Early Relationship,Medium,Do Not Launch,-9.795428999885923,2980,0,0,3451,0.298,0.0,0.0,0.3451,0.1090306510067114,14018.663989095236,1517.3359578,-1447.638598231496,-0.954065967256481,6,4.67,0.0432,0.0828,Build healthy early card behavior and engagement.,Encourage safe digital wallet usage.,Underused Low-Risk Customer; Core Customer,Risk Watch; High-Utilization Revolver,Healthy engagement and on-time payment behavior,"Focus on education, low-risk engagement, and repayment health.",Medium,10000,4297,6549
78,78,CMP093,On-Time Payment Reward,New-to-Credit and Student,Early Relationship,Medium,Do Not Launch,-9.901624042871237,2980,0,0,3451,0.298,0.0,0.0,0.3451,0.10534362416107383,13042.95092919936,1431.4934400000002,-1366.6470864919986,-0.9547002090991059,6,4.56,0.0416,0.08,Build healthy early card behavior and engagement.,Reward consistent on-time payment behavior.,Underused Low-Risk Customer; Core Customer,Risk Watch; High-Utilization Revolver,Healthy engagement and on-time payment behavior,"Focus on education, low-risk engagement, and repayment health.",Medium,10000,4297,6549
79,79,CMP096,Responsible Credit Builder,New-to-Credit and Student,Early Relationship,Medium,Do Not Launch,-9.957021029434253,2980,0,0,3451,0.298,0.0,0.0,0.3451,0.10534362416107383,12541.298970384001,1535.0883600000002,-1472.7360970115374,-0.9593819713488917,6,4.89,0.04,0.08,Build healthy early card behavior and engagement.,Encourage low utilization and on-time payments.,Underused Low-Risk Customer; Core Customer,Risk Watch; High-Utilization Revolver,Healthy engagement and on-time payment behavior,"Focus on education, low-risk engagement, and repayment health.",Medium,10000,4297,6549
80,80,CMP017,Travel Spend Accelerator,Travel and Premium,Travel Rewards,Medium,Do Not Launch,-10.90647687312017,2969,15,86,3919,0.2969,0.0015,0.0086,0.3919,0.07106859632873022,43789.292974752,2310.4791543750002,-1867.6074923861283,-0.8083204251593122,4,10.95,0.104,0.0535,Increase travel spend and deepen premium customer engagement.,"Earn bonus points on flights, hotels, and travel bookings.",Loyal High-Value Customer; Premium Growth Candidate,Risk Watch; Dormant but Recoverable,Incremental travel spend,Avoid high default probability and high-utilization customers unless risk-adjusted profit is strong.,Medium,10000,4183,5980
81,81,CMP019,Airfare Bonus Offer,Travel and Premium,Travel Rewards,Medium,Do Not Launch,-10.94374164384935,2969,15,88,3919,0.2969,0.0015,0.0088,0.3919,0.06867750336813744,45571.085916787204,2355.0855116250004,-1894.1933348492341,-0.8042991753374796,4,11.55,0.112,0.0517,Increase travel spend and deepen premium customer engagement.,Earn rewards on airline purchases.,Loyal High-Value Customer; Premium Growth Candidate,Risk Watch; Dormant but Recoverable,Incremental travel spend,Avoid high default probability and high-utilization customers unless risk-adjusted profit is strong.,Medium,10000,4183,5978
82,82,CMP018,Hotel Rewards Booster,Travel and Premium,Travel Rewards,Medium,Do Not Launch,-11.010311685759254,2969,15,95,3919,0.2969,0.0015,0.0095,0.3919,0.06641924890535536,42498.59490720001,2218.4859374999996,-1788.668005303755,-0.806256183584105,4,11.25,0.108,0.05,Increase travel spend and deepen premium customer engagement.,Earn bonus rewards on hotel purchases.,Loyal High-Value Customer; Premium Growth Candidate,Risk Watch; Dormant but Recoverable,Incremental travel spend,Avoid high default probability and high-utilization customers unless risk-adjusted profit is strong.,Medium,10000,4183,5971
83,83,CMP023,International Travel Booster,Travel and Premium,Travel Rewards,Medium,Do Not Launch,-11.11087295272327,2969,12,54,3919,0.2969,0.0012,0.0054,0.3919,0.07106859632873022,47157.70012665601,2690.2839468750003,-2213.3452339639075,-0.8227180764821874,4,12.75,0.112,0.0535,Increase travel spend and deepen premium customer engagement.,Earn rewards on international travel purchases.,Loyal High-Value Customer; Premium Growth Candidate,Risk Watch; Dormant but Recoverable,Incremental travel spend,Avoid high default probability and high-utilization customers unless risk-adjusted profit is strong.,Medium,10000,4183,6015
84,84,CMP020,Rental Car Rewards,Travel and Premium,Travel Rewards,Medium,Do Not Launch,-11.163876679179559,2969,9,52,3919,0.2969,0.0009,0.0052,0.3919,0.07106859632873022,42105.0893988,2500.3815506250003,-2074.543414097239,-0.8296907380310344,4,11.85,0.1,0.0535,Increase travel spend and deepen premium customer engagement.,Earn rewards on rental car purchases.,Loyal High-Value Customer; Premium Growth Candidate,Risk Watch; Dormant but Recoverable,Incremental travel spend,Avoid high default probability and high-utilization customers unless risk-adjusted profit is strong.,Medium,10000,4183,6020
85,85,CMP022,Premium Trip Planning Offer,Travel and Premium,Travel Rewards,Medium,Do Not Launch,-11.187218342107002,2969,11,57,3919,0.2969,0.0011,0.0057,0.3919,0.06867750336813744,43943.547134044806,2538.598668375,-2094.166926484083,-0.8249302863711792,4,12.45,0.108,0.0517,Increase travel spend and deepen premium customer engagement.,Earn travel credits after meeting a trip spend threshold.,Loyal High-Value Customer; Premium Growth Candidate,Risk Watch; Dormant but Recoverable,Incremental travel spend,Avoid high default probability and high-utilization customers unless risk-adjusted profit is strong.,Medium,10000,4183,6013
86,86,CMP021,Travel Portal Bonus,Travel and Premium,Travel Rewards,Medium,Do Not Launch,-11.263446461448195,2969,9,60,3919,0.2969,0.0009,0.006,0.3919,0.06641924890535536,40924.5728736,2395.9648125000003,-1982.0660629776903,-0.8272517411929604,4,12.15,0.104,0.05,Increase travel spend and deepen premium customer engagement.,Earn extra rewards when booking through a travel portal.,Loyal High-Value Customer; Premium Growth Candidate,Risk Watch; Dormant but Recoverable,Incremental travel spend,Avoid high default probability and high-utilization customers unless risk-adjusted profit is strong.,Medium,10000,4183,6012
87,87,CMP024,Weekend Getaway Rewards,Travel and Premium,Travel Rewards,Medium,Do Not Launch,-11.47211778631235,2969,5,43,3919,0.2969,0.0005,0.0043,0.3919,0.06641924890535536,39350.55084,2573.4436875,-2175.464120651625,-0.8453513598212841,4,13.05,0.1,0.05,Increase travel spend and deepen premium customer engagement.,Earn bonus rewards on short-stay travel purchases.,Loyal High-Value Customer; Premium Growth Candidate,Risk Watch; Dormant but Recoverable,Incremental travel spend,Avoid high default probability and high-utilization customers unless risk-adjusted profit is strong.,Medium,10000,4183,6033
88,88,CMP043,Dormant Grocery Restart,Dormant Reactivation,Reactivation,Low-Medium,Do Not Launch,-14.248784107857299,662,0,1,3319,0.0662,0.0,0.0001,0.3319,0.08154377265861028,2985.6553585488,363.83852835000005,-345.69050408827275,-0.9501206638449529,4,6.74,0.0784,0.0621,Reactivate customers with low recent card usage.,Earn grocery rewards after returning to card usage.,Dormant but Recoverable; Underused Low-Risk Customer,Risk Watch,Reactivation rate,Do not push additional spend to dormant customers with elevated risk or negative risk-adjusted profit.,Medium,10000,888,6680
89,89,CMP041,Three Purchase Reactivation,Dormant Reactivation,Reactivation,Low-Medium,Do Not Launch,-14.30133249966303,662,0,0,3319,0.0662,0.0,0.0,0.3319,0.08430129154078549,2034.8342614113694,356.60963745,-344.15807650208234,-0.9650834984804261,4,6.39,0.0728,0.0642,Reactivate customers with low recent card usage.,Use the card three times in 30 days to earn bonus rewards.,Dormant but Recoverable; Underused Low-Risk Customer,Risk Watch,Reactivation rate,Do not push additional spend to dormant customers with elevated risk or negative risk-adjusted profit.,Medium,10000,888,6681
90,90,CMP046,Dormant Merchant Comeback,Dormant Reactivation,Reactivation,Low-Medium,Do Not Launch,-14.41548329108792,662,0,0,3319,0.0662,0.0,0.0,0.3319,0.08154377265861028,2043.9771184450296,391.90915664999994,-379.4016487172337,-0.968085696084064,4,7.26,0.0756,0.0621,Reactivate customers with low recent card usage.,Earn rewards at selected merchants after inactivity.,Dormant but Recoverable; Underused Low-Risk Customer,Risk Watch,Reactivation rate,Do not push additional spend to dormant customers with elevated risk or negative risk-adjusted profit.,Medium,10000,888,6681
91,91,CMP042,First Purchase Back Offer,Dormant Reactivation,Reactivation,Low-Medium,Do Not Launch,-14.461392005148461,662,0,0,3319,0.0662,0.0,0.0,0.3319,0.07878625377643504,1974.85711927056,342.14664,-330.0620912726895,-0.9646802063369364,4,6.56,0.0756,0.06,Reactivate customers with low recent card usage.,Earn cashback after the first purchase in the campaign period.,Dormant but Recoverable; Underused Low-Risk Customer,Risk Watch,Reactivation rate,Do not push additional spend to dormant customers with elevated risk or negative risk-adjusted profit.,Medium,10000,888,6681
92,92,CMP047,Dormant Bill Pay Restart,Dormant Reactivation,Reactivation,Low-Medium,Do Not Launch,-14.462052991097629,662,0,0,3319,0.0662,0.0,0.0,0.3319,0.08430129154078549,1217.422207682016,415.2074652,-407.75781335081854,-0.9820580011835937,4,7.44,0.0784,0.0642,Reactivate customers with low recent card usage.,Use the card for bill pay to earn bonus rewards.,Dormant but Recoverable; Underused Low-Risk Customer,Risk Watch,Reactivation rate,Do not push additional spend to dormant customers with elevated risk or negative risk-adjusted profit.,Medium,10000,888,6681
93,93,CMP045,Dormant Small Spend Challenge,Dormant Reactivation,Reactivation,Low-Medium,Do Not Launch,-14.499558895892921,662,0,0,3319,0.0662,0.0,0.0,0.3319,0.07878625377643504,1901.71426300128,369.789585,-358.1526121514788,-0.9685308258518931,4,7.09,0.0728,0.06,Reactivate customers with low recent card usage.,Make a small number of purchases to earn a reward.,Dormant but Recoverable; Underused Low-Risk Customer,Risk Watch,Reactivation rate,Do not push additional spend to dormant customers with elevated risk or negative risk-adjusted profit.,Medium,10000,888,6681
94,94,CMP044,Dormant Digital Restart,Dormant Reactivation,Reactivation,Low-Medium,Do Not Launch,-14.52712496389805,662,0,0,3319,0.0662,0.0,0.0,0.3319,0.08430129154078549,652.19046840108,385.6295140499999,-381.6386291307956,-0.9896509868311406,4,6.91,0.07,0.0642,Reactivate customers with low recent card usage.,Reactivate through app login and card use.,Dormant but Recoverable; Underused Low-Risk Customer,Risk Watch,Reactivation rate,Do not push additional spend to dormant customers with elevated risk or negative risk-adjusted profit.,Medium,10000,888,6681
95,95,CMP048,Dormant Everyday Spend Restart,Dormant Reactivation,Reactivation,Low-Medium,Do Not Launch,-14.532506769712814,662,0,0,3319,0.0662,0.0,0.0,0.3319,0.07878625377643504,1828.5714067320002,396.91096500000003,-385.7215680302681,-0.9718087985557871,4,7.61,0.07,0.06,Reactivate customers with low recent card usage.,Earn bonus rewards after returning to everyday spend.,Dormant but Recoverable; Underused Low-Risk Customer,Risk Watch,Reactivation rate,Do not push additional spend to dormant customers with elevated risk or negative risk-adjusted profit.,Medium,10000,888,6681
96,96,CMP053,APR Education and Planning,Balance and Revolver,Balance Transfer / Revolver,High,Constrain,-20.034189426882197,2442,0,10,6862,0.2442,0.0,0.001,0.6862,0.052919533169533184,20426.519026742397,1831.1820150000003,-1351.5807605944037,-0.7380919807659881,6,14.17,0.1248,0.04,Grow balance-related revenue while controlling repayment risk.,Provide APR and repayment education before promotional use.,Core Customer; Loyal High-Value Customer; High-Utilization Revolver,Risk Watch,Risk-adjusted balance growth,"Strict default probability, late payment, utilization, and profitability guardrails required.",High,10000,8143,3128
